id;street;number;district;city;state;zipcode
1;Melo Marginal;69389;Human Quality Congelado;undefined Lucas de Nossa Senhora;index experiences bypassing;Zambian
2;Sarah Alameda;90396;supply-chains Calças;Lara de Nossa Senhora;Buckinghamshire;Account
3;Santos Marginal;2384;bypass microchip;César de Nossa Senhora;invoice;Berkshire Designer do
4;Oliveira Marginal;10054;capacitor;undefined Rebeca;Expanded;navigate override SMTP
5;Alice Rua;28116;Guilder;Moreira do Sul;National Sabonete;calculating Sapatos
6;Ana Júlia Rodovia;16968;Avenida alarm;Batista do Norte;quantifying;bus
7;Gabriel Avenida;80156;Taka JBOD state;Reis do Descoberto;invoice;Administrator Borders Gibraltar
8;Gúbio Rodovia;74847;payment calculating calculate;undefined Bernardo;Jardim disintermediate Architect;benchmark
9;Sophia Rua;98574;Personal calculating;undefined Mércia;Luvas navigating;compelling generating
10;Saraiva Rua;66550;systematic Avon analyzer;Elmhurst;Sem Branding task-force;Gold
